{"cameraMode":{"drawMode":0,"name":"Shaded","section":"Shading Mode"},"sceneLighting":true,"audioPlay":false,"sceneViewState":{"showFog":true,"showMaterialUpdate":false,"showSkybox":true,"showFlares":true,"showImageEffects":true,"showParticleSystems":true},"in2DMode":false,"pivot":{"x":44.84492874145508,"y":3.5691444873809816,"z":44.40315628051758},"rotation":{"x":-0.024865929037332536,"y":-0.9748241305351257,"z":0.14374078810214997,"w":-0.16863632202148438},"size":5.281790733337402,"orthographic":false}